{
	"id": "2964e9d6-0d16-4f25-bb8e-e86e6f085459",
	"name": "SRE Project",
	"values": [
		{
			"key": "public-ip",
			"value": "",
			"enabled": true
		},
		{
			"key": "username",
			"value": "",
			"enabled": true
		},
		{
			"key": "email",
			"value": "",
			"enabled": true
		},
		{
			"key": "token",
			"value": "",
			"enabled": true
		},
		{
			"key": "event-id",
			"value": "",
			"enabled": true
		},
		{
			"key": "country",
			"value": "",
			"enabled": true
		},
		{
			"key": "animal",
			"value": "",
			"enabled": true
		}
	],
	"_postman_variable_scope": "environment",
	"_postman_exported_at": "2021-08-31T20:54:39.648Z",
	"_postman_exported_using": "Postman/7.36.5"
}